<?xml version="1.0" encoding="UTF-8"?>
<project-private xmlns="http://www.netbeans.org/ns/project-private/1">
    <editor-bookmarks xmlns="http://www.netbeans.org/ns/editor-bookmarks/2" lastBookmarkId="0"/>
    <open-files xmlns="http://www.netbeans.org/ns/projectui-open-files/2">
        <group>
            <file>file:/Users/chloebates/Documents/***SPRING***/Distributed/Homework/03%20Application%20Server/Application%20Server%20Skeleton/src/appserver/satellite/Satellite.java</file>
            <file>file:/Users/chloebates/Documents/***SPRING***/Distributed/Homework/03%20Application%20Server/Application%20Server%20Skeleton/src/appserver/job/impl/PlusOneClient.java</file>
        </group>
    </open-files>
</project-private>
